Z,客Z,音,造句,湓]
我,崖,ngai11,崖S客人,「崖」借字音。亦做人字旁加崖的下半部。
你,汝,n31,汝SN人？,亦做「你」
他,,ki31,谌グ儇公司咧。,
我,恩,恩等,en24,en11 nen24,恩@M圩鳇N介？,「恩」借字音，亦做人字旁加恩。和「崖等」的差e是「恩等」榘含者之我，「崖等」不含
你,汝等,ngia53 nen33,汝等鄣认隆,
你的,若,ngia33,若爸爸。,史h高祖本，「吾父即若父」
他的,厥,kia33,厥W校。,，如「聿修厥德」
鹤,Y,lai53,崖(ngai，我，此借音)S厥Y。,
女,妹,moi53,崖S厥妹,
小孩,人,se53 ngin11,人凵访妥x。,
比^,卡,khak2,崖卡好凇,
可以,使得,sii31 tet2,崖使得去樱,
本,本成,pun31 shiang11,本成@有多屋。,
@,恁仔（恁泥）,an31 ne31,恁仔做就著了。,
什N,N介,mak2 kai53,汝vN介？,
和～、汀,同～,thung11,同崖共下去。,
～著,～o,kin31,企o、放o（檎局、放著之x）,
是,S,he53,SN人？,
不是,唔S,m11 me53,谶SW生,
再,^,ko55,崖^同汝v一[。,
怎N,釉,ngiong31 sun11,,
很～,～、恁～、搭～,tong33,an31,tap2,妹恁n。,
才,正,chiang33,吾天光正砹恰,
～完、～掉,～碧,phet2,食碧了。,「碧」榻枳忠
很～、一等～,一～,i53,@有一多人。,
尚未,未,mang11,mang5o娘。,「未」借字x，亦做上「亡」下「口」
想,,想,men31,siong31,汝有N介曳ǎ,
追s,g,kiuk2,分人家g出怼,
跟S,,then11,大家崖行。,
]有,,mo11,狱N介好燎。,
要,,oi53,崖廴W校。,
住,待,tai53,汝待哪？,亦作「邸」
生,供,kiung53,供Y妹。,
叫做,安著,on33  to31,@安著~。,
拿、,擎,khia11,擎遮去。,亦「夯」
o他,畀,pi31,釉畀窿入去？,「分凇沟暮弦暨Bx
玩,燎,liau53,汝廴ツ奈涣牵,亦有人「料」、「嬲」，「燎」字出於周官
拜拜,拜揶,pai53 jia11,到R方拜揶。,揶墒趾鲜的幼
起,亢,hong53 loi11,朝唇亢怼,有亦有在左加足字旁的法
,chhi,chhi11,分人chhi5碧。,亦做左「犀」右「刀」
生病,破病,pho55 phiang53,厥姆破病。,生大病r用，小病用「甘苦」
裂_,必,pit2,必十字。,
w,m,kiem11,拿wmo。,
回(^),斡,vat2,莫斡^看。,
回（家）,D,chion31,D屋家,
剩下,,chhiun11,崖淤锥噱X了。,
l,N人,met2 ngin11,SN人？,
男人,Y,se55 lai53,SY。,
女人,妹,se53 moi53,S妹。,
眼I,目汁,muk2 chip2,目汁o流。,
老,^家,theu11 ka33,^家有在樱,
肚子,肚笥,tu31 shi31,肚笥疾。,
明天,天光,thien33 kong24,汝天光廴ツ模,
早上,朝唇,tseu24 shiun11,,
,遮,chia24,落雨的r矍嬲凇,
^,^那,theu33 na11,^那毛L。,
晚上,暗晡、暗夜,am53 pu11, am55 ia53,崖天光暗晡廴ト粑菁伊恰,暗晡泛指晚上，暗夜Ｖ附裉焱砩
屁股,shid,shi55 vut2,,shi有人作「尸」中一「旨」
快,遽，拚,kiak2, piang53,大家遽遽怼Ｐ锌ㄞ招。,
每一～,逐～,tak2,逐下凼场,
到,M那,man33 ne53,M那下使得W。,
都、全部,下、做下,tsung31 ha33, tso55 ha33,@下使得食,
果然、真的,正,chin53 kin33,谡n。,
,著,chhiok5,舆碇。,
那,^[,theu11 pai53,^[有一人。,
痛,疾,chhit5,^那疾。,|萏厥庥梅ǎ亦作「h」
e面,底方、底背、底肚,ti33 hong33, ti33 poi53,  ti33 tu53,R底方。,
`,d,hin33,@R真d。,
上（某一物的上面）,亢,hong33,山亢,「亢」亦有人「」
真的,有影,jiu31 iang53,有影樱,
F在,@M,lia31 man24,谶@M在哪？,
太,日^,ngit2 theu11,,
月亮,月光,ngiet5 kong33,,
星星,星（子）,sen33(tsii31),,
流星,星B屎，B屎星,sen24 siap5 shi31, siap5 shi31 sen24,,
逆L,逆L，tshungL,ngiak5 fung33, tshung11 fung33,,
刮L,起L,khi31 fung33,,
打雷,雷（公），打雷公,hiong31 lui11 (kung33), ta31 lui11 kung33,,
W,z奶,ngiap2 nen53,,
毛毛雨,雨毛,ji31 mo24,,
穸冷的骷雨,蒙沙雪雨,mong11 sa24 siet2 ji31,,
下雨,落雨,lok5 ji31,,
淋雨,涿雨,tuk2 ji31,,
下雪,落雪,lok5 siet2,,
F,蒙沙,mong11 sa33,,
彩虹,天弓,thien33 kiung33,,
天,天r,thien24 shi11,,
晴天,好天,ho31 thien33,,
天,蹶天,vu33 jim33 thien33,,
淹水,做大水,tso55 thai55 shui31,,
田（有水的）,田,thien11,,
田（o水的）,埔,pu24,,
山坡,山崎，山排,san33 kia53, san24 phai11,,
山谷,山坑,san33 khang24,,
河堤,pok,pok2,,
河沙洲,草埔,tsho31 pu24,,
水池,水塘、陂塘,shui31 thong11, pi24 thong11,,
大石^,石牯,shiak5 ku31,,
土u,泥u,ne11 chion33,,
灰m,jiungm,jiung24 shin11,,
m土wP貌,jiung jia,jiung33 jia33,,
水泥,t毛泥,fung11 mo24 ne11,,
泥巴,厦樱泥糊，泥z,lak2 kieu24 moi11, ne33 ko11, ne11 kau33,,
崴,水,shieu24 sui31,,
_水,L水,kun31 shui31,,
洗米水,米汁水,mi31 chip2 shui31,,
煤炭,石炭,shiak5 than53,,
煤油,番油,fan24 jiu11,,
生火,起火,khi31 fo31,,
磁石,吸石,khip5 shiak5,,
樟X丸,臭丸,chhiu53 jien11,,
地方,所在，位所,so31 tshai53, vui55 so31,,
l下,田f,thien11 tsong33,,
巷道,巷管,hong53 kong11,,
走,行,hang11,,
跑,走,tseu31,,
小,,se53,,
太～,忒～,thet2,忒多,
,（地）墓埔,(thi55) mong53 pu24,,
去年,f年,khiu53 ngien11,,
明年,萌年,miang33 ngien11,,
星期～,拜～,pai55,拜一,
A,惜A,siak2 jien11,,惜釉~
端午,五月,ng31 ngiet5 chiet2,,
包粽子,thak 粽,包粽,thak2 tsung53, pau33 tsung53,,thak轸椴考铀的右半部
,通,thung33 shu33,,
r候,r,shi11 chiet2,,
今天,今晡（日）,kin33 pi24 (ngit2),,
後天,後日,heu24 ngit2,,
昨天,昨晡,tsha11 pi24,,
前天,前日,chhien11 ngit2,,
上午,朝唇,chieu24 shiun11,,
下午,下,ha11 chiu53,,
中午,,tong33 chiu53,,
清晨,打早,ta31 tso31,,
接近中午的r刻,R,lin11 chiu53,,
白天,日r^,ngit2 shi55 theu11,,
傍晚,R暗（）,lin11 am53 pian24,,
全部～，整～,w～,kui33,w暗晡，wW校,
～多,～外,nguai53,十外q（十多q）,
多少,锥,kit2 to24,,
做事,做shie,tso53 shie53,,
所,S坑、屎坑、便所,pun53 kong24, shi31 kong24, phien55 so31,,
自行,FR,thiet2 ma24,,
插秧,P田,shi53 jiong24,,
稻草,禾U,vo11 kon31,,
z^,^,kiok2 theu11,,
z草,P草,tshan31 tsho31,,
u成精米的一^程,踏米,thap5 mi31,,
碾米,g米,kau31 mi31,,
Y子,k,chhi33,,
扁,竿,tam53 kon33,,
挑,khai,khai33,khai竿,作手部加上亥字旁
大甙眩竹u成,khia把,khia33 pa31,,
u毛谧,u毛,ke33 mo33 so53,,
打呼,炊包,chhioi11 pau24,,取炊包子r的音
柱子,柱tun,chhiu24 tun31,,
K子,索,sok2,,
穗,串,mak5 chhien53,,
稻穗,禾串,vo11 chhien53,,
稻子,禾,vo11,,
玉米,包粟,pau24 siok2,,
菜豆,L（v）豆,chhiong11 kiap2 theu53,,
芋^的~子,芋荷,vu33 ho11,,
芋^,芋卵,vu33 lon31,,
藕,o,lien11 king33,,
茄子,吊菜,tiau55 tshoi53,,
南瓜,金瓜,kim33 kua33,,
洋[,大[^,thai53 tshung24 theu11,,
K,K,kiong24 ma11,,
菠菜,角菜,kok2 tshoi53,,
大白菜,包心白,pau33 sim33 phak5,,
茼蒿,ngie菜,ngie55 tshoi53,,
}N,菜^,tshoi53 theu11,,
}N乾,菜脯,tshoi55 pu31,,
胡}N,t菜^,fung11 tshoi53 theu11,,
向日葵,日^花,ngi2 theu11 fa33,,
涿,溲,shu53 jiong24,,
渲,,shu53 va33,,
一株花,一^花,jit2 theu11 fa33,,
一朵花,一蕊花,jit2 lui33 fa33,,
花苞,花蕾,fa24 lui11,,
桑椹,桑sui,song24 sui11,,
桑,桑shui,song24 sui11 shu53,,
粗皮的梨,大梨,thai53 li11,,
t柿,t柿,fung11 tshii53,,
眼,牛眼,ngiu11 ngien31,,
荔枝,荔枝,li31 chi33,,
橄,ka,ka24 lam31,,
野生的栗子,赤kieu24子,chhiak2 kieu24 tsii31,,
花生,地豆,thi55 theu53,,
n苣,mak菜,nmak,mak2 tshoi53, vo24 mak2,,
竹竿,竹篙,chuk2 ko24,,
P仙花,手（指）甲花,shiu31 (chi31) kak2 fa33,,
u冠花,u公髻花,ke33 kung33 ki53 fa33,,
浮萍,i,phiau11,,
艾草,ngie,ngie53,,
青苔,溜苔,liu24 thoi11,,
畜牲,^牲,theu11 sang24,,
公牛,牛牯,ngi11 ku31,,
母牛（生育^的）,牛,ngiu44 ma11,,
母牛（未曾生育的）,牛chhi,ngiu11 chhi53,,
S牛,赤牛,chhiak2 ngiu11,,
被割的公牛,jiam,jiam24,,
狗,d狗,tien24 kieu31,,
,,ngiau53,,
９┡浞N用的公i,i哥,chu33 ko33,,
熊,熊,him11,,
麻雀,瓦雀,nga31 chiok2,,
子,月,ngiet5 kap2,,
^,^B,ngiau53 theu11 tiau33,,
W^,W哥,en33 ko33,,
（w形大，性海,,en24,,
似，身灰，w形^小,_婆,jiau53 pho11,,
帝雉,竹u,chuk2 ke24,,
蝙蝠,phit婆,phit5 pho11,,源自大|南原住民Z
蜘蛛,蜘蛛,ti33 tu33,,
蜘蛛（_^L，不YW，室然虞^多）,la khia,la33 khia11,,源自大|南原住民Z
,公,ngie53 kung33,,
白a,大水,thai55 shui31 ngie53,,
蚯蚓,xhien,chhiong11 hien31,,hien字做「虫」
蜈蚣,蜈蚣x,ng31 kung24 chhiong11,,
壁虎,壁蛇,piak2 shia11,,
n,跸,vu24 jin11,,
t子,曾O,t,set5 ma11,,
臭x,玄O之子,棺蜱,kuan33 pi33,,
蟋蟀,土狗,thu31 keu31,,
虎,老虎狗,lo44 fu31 ko33,,
s,s，jiam jiam ji,shiam11, jiam55 jiam55 ji33,,
蜂,蜂,phong24,,
S蜂,泥蜂,ne11 phong33,,
C,],teu53,,
蜂蜜,蜂糖,phong24 thong11,,
火x,火鹣x,fo31 ngiam55 chhiong11,,亦作「火黏x」
蝴蝶,jiak,jiak5,,jiak亦作「招」
蜻蜓,P尾,jiong11 mui24,,
r米,rpi,ha11 pi24,,
M,F~，M,thon44 ng11, piet2,,
泥q,胡溜，胡q,fu11 liu24, fu11 chhiu24,,
X~,SX,vong11 shien33,,
螃蟹,老蟹,lo44 hai31,,
蟹S,老蟹卵,lo44 hai31 lon31,,
青蛙,kuai,kuai31,,做「虫另」
青蛙（w形^大）,r,ha33 ma11,,
蝌蚪,光ngiam，kuai ngiam,kong33 ki24 ngiam31, kuai31 ngiam53,,kuai ngiam作「虫另 虫念」，是已L_的蝌蚪
商,做生理,tso53 sen33 li33,,
批、褓物,打，割,ta31 fo53, kok2 fo53,,
善於商的人,生理_,sen33 li24 kiok2,,
利,利,li53 shun11,,
利息,利X,li53 chhien11,,
,,ki55 sii53,,
付X,{X,nap5 chhien11,,
零X,零星,len11 sen33,,
介B人,中人,chiung24 ngin11,,
租屋,屋,shoi55 vuk2,,
小口大肚的竹\,lui公,lui31 kung33,,
理,剃^,thi53 theu11,,
ｐBNi樗人的i配N的人,控i哥,khien33 chu33 ko33,,
照相,him相,him55 shiong53,,
解聘,chhi^,chhi44 theu11,,
客d,d下,then33 ha33,,
窗,窗T,tshong24 mun11,,
N房,灶下,tso53 ha33,,
t灶,灶^,tso53 theu11,,
浴室,洗身g,se31 shin33 kien24,,
洗澡，游泳,洗身,se31 shin33,,
床,眠床,min33 tshong11,,
_踏,thiap凳,thiap2 ten53,,
床沿,眠床唇,nin33 tshong44 shiun11,,
棉被,被骨,phi24 kut2,,
子,Z^,vok5 theu11,,
瓢,勺,shiok5 ma11,,
斗笠,笠,lit2 ma11,,
砧板,砧piong,tsem33 piong33,,
筷筒,筷管,khuai53 kong11,,
,火,thien55 fo31,,
襞,火W,thien55 fo31 koi24,,
盆,面盆,mein53 phun11,,
毛巾,面帕,mein55 pha53,,
手帕,手巾,shiu31 kin24,,
抹布,桌布，桌,tsok2 pu53, tsok2 vui11,,
澡盆,大_盆，洗身盆,thai55 kiok2 phun11, se31 shin24 phun11,,
抽,拖箱,tho33 siong24,,
水^,水tho53,shui31 tho53,,
肥皂,茶ku,tsha11 ku24,,
火柴,番火,fan24 fo31,,
厚板,piong,chi31 piong33,,
柴刀,刀,to24 ma11,,
D章,印,jin53,,
手套,手jia,手m,shiu31 jia31, shiu31 mat2,,
父H,阿爸,a33 pa33,,
母H,阿姆,a33 me33,,
祖父,阿ta,a33 ta24,,
祖母,阿ne,a24 ne31,,
伯父,阿伯,a24 pak2,,
伯母,伯姆,pak2 me24,,
伯祖父，土地公,伯公,pak2 kung33,,
伯祖母,伯婆,pak2 pho11,,
叔祖父,叔公,shuk2 kung33,,
叔祖母,叔婆,shuk2 pho11,,
舅父,阿舅,a33 khiu33,,
舅母,舅姆,khiu33 me33,,
姑姑,阿姑,a33 ku33,,
最小的姑母,M姑,man33 ku33,,M亦作「尾子」
哥哥,阿哥,a33 ko33,,
弟弟,老弟,lo31 the33,,
姐姐,阿姐,a33 tse53,,
妹妹,老妹,lo31 moi53,,
嫂嫂,阿嫂,a24 so31,,
弟媳D,老弟嫂,lo31 the24 so31,,
B襟,大仙,thai55 se53 sien33,,
姐夫,姐丈,tsii31 chhiong55,,
妹夫,老妹婿,lo31 moi55 se53,,
丈夫,老公,lo31 kung33,,
妻子,o娘,pu24 ngiong11,,o亦作「J」、「女甫」
已婚女性,D人家,fu53 ngin11 ka33,,
煞蚱,晒姐,liong31 kung24 chia31,,
,o nga,o11 nga24,,
最小的女,M妹,man33 moi53,,M亦作「尾子」
合D,心舅,sim33 khiu33,,亦作「薪臼」
女婿,婿郎,se53 long11,,
O媳D,O心舅,sun33 sim33 khiu33,,
O子,O,sun24,,
玄O,跳蚤,thiau55 tsau31,,
侄,侄,chhit5,,
公公,家官,ka33 kuan33,,
婆婆,家娘,ka24 ngiong11,,
岳父,丈人老，丈眠老,chhiong55 ngin11 lo31, chhiong24 min11 lo31,,
岳母,丈人哀，丈眠哀,chhiong55 ngin11 oi33, chhiong24 min11 oi33,,哀亦作「女哀」
H家母,d姆,chhia33 me33,,d榻枳忠
父母,哀,jia11 oi33,,哀亦作「女哀」
夫妻,公姐,kung24 chia31,,
子女,妹,lai55 moi53,,亦作「Y」
母子,子哀,tsii31 oi24,,
父子,子,tsii31 jia11,,
^母,後哀,heu53 oi24,,
年p,後生,heu53 sang24,,
@,@,lia31,,@借字x
那,,ke55,,借字x
@e,@位，liong,lia31 vui53, liong24,,
那e,位，kong,ke55 vui53, kong24,,
游手好f的人,不lat子,put2 lat5 tsii31,,
卸璧呐人,惺,nan33 shi24 ma11,,
小偷,\(牯),tshet5 (ku31),,
淘夤,luk人精,luk2 ngin11 chin33,,
w子弟,公子阿舍,kung24 tsii31 a33 shia53,,
妓女,妓女，食妓,khi24 ng31, tshon55 shit5 chi24,,
]有Y婚的老D,老姑婆,lo31 ku24 pho11,,
紊h,_h_,lo11 hon53 kiok2,,
性孤僻,孤佬,ku24 lo31,,
男人的婚外情人,Q佬,hok5 lo31 ma11,,借字音
D人的婚外情人,契哥,khe53 ko24,,
偷情,fo ki,fo11 ki53,,
女人,d,tien24 ma11,,
傻瓜,憨人,ngong53 ngin11,,
流氓,|,lu33 man11,,
狡猾,狡猾,kau31 vat5,,
擅姘崤是非的人,p^蛇,song24 theu44 shia11,,
嘴硬、垌嘴,硬喙,ngang55 choi53,,
鄞蹬５娜,uW仙,ke33 koi33 sien24,,
吝莨,ngat tshat ^,ngat2 tshat2 theu11,,
吹牛,虎lin，膨L，uW,vak5 fu31 lin31, phung31 fung24, phun31 ke11 koi24,,
乞丐,乞食,khiet2 shit5,,
毛呈旋u的地方,扭酒窟，篡,nu31 tsiu31 khut2, chhion53,,
眼睛,目珠,muk2 tsu33,,
眼球,目珠仁,muk2 tsu24 jin11,,
眼睫毛,目珠毛,muk2 tsu33 mo33,,
眼皮,目珠皮,muk2 tsu24 phi11,,
p眼皮,p目,sung33 ngiam24 muk2,,
窝燮,尾目,tan33 ngiam24 muk2,,
眼屎,目屎,muk2 shi31,,
鼻子,鼻公,phi53 kung33,,
鼻空,鼻空,phi53 khung33,,
鼻,鼻公管,phi53 kung24 kong11,,
塌鼻子,平鼻,phiang11 phi53,,
鼻涕,鼻,phi53 nung11,,
、嗅,鼻,phi53,,
耳朵,耳公,ngi31 kung24,,
耳垢,耳屎,ngi31 shi31,,
耳垂,耳B,ngi31 tho11,,
嘴巴,喙,choi53,,
面a,喙角,choi55 kok2,,
酒C,酒窟,tsiu31 khut2,,
,面,mien53,,
下巴,下h,ha55 ngam24,,
下巴c脖子之g的部位,W,koi24,,
臼X,大牙,thai53 nga11,,
牙床,牙槽,nga44 tsho11,,
舌^,舌,shiet5 ma11,,
嘴唇,喙唇皮,choi53 shiun44 phi11,,
唾液,口,heu31 lan33,,
E子,P,si33,,
脖子,io,kiang31 kin24,,
肩膀,肩^,kien24 theu24,,
乳房,乳菇,nen53 ku33,,菇字借字音，亦「姑」
胸膛,胸脯，心肝前,hiung24 phu11, sim33 kon24 tshien11,,
心C,心肝窟,sim33 kon24 khut2,,
|,A身,jien11 shin33,,
腋C,{下,hiap2 ha24,,
背部,背囊,poi53 nong11,,
腰，I,腰,jieu33,,
大姆指,手指公,shiu31 chi31 kung24,,
中指,中央指,tung33 on24 chi31,,
小指,手指尾,shiu31 chi31 mui24,,
大_趾,_趾公,kiok2 chi31 kung24,,
大腿,大_髀,thai55 kiok2 pi31,,
膝w,_膝^,kiok2 tshit2 theu11,,
小腿,_梗,kiok2 kuang31,,
_掌背,_P,kiok2 phan11,,
膀胱,膀胱,phong11 kong33,,
扁平足,咛,ap2 ma11 the11,,
男,K，lin,tsoi24,lin31,,lin作「月纭
G丸,核卵,hak5 lon31,,
部,下身,ha55 shin33,,
女,支pai,chi24 pai11,,
血管,血管，血筋,hiet2 kuan31, hiet2 kin24,,
t生,先生,sin33 sang33, sin33 sen33,,
把},打},ta31 mak2,,
症,症^,chin53 theu11,,
煎,phu,phu11 jiok5,,
削瘦下去,落肉,lok5 ngiok2,,
L_,生_,sang24 sien31,,
__的病原,沙x,sa24 chhiung11,,
L痱子,生狃,sang33 ngiet5 pui53,,
l,起d,khi31 tien24,,
中暑,岬剑l痧,ngiet5 to31, put2 sa33,,
腰部脊椎骨痛,腰骨疾,jieu24 kut2 tshit5,,
由L、寒、褚起的全身酸痛,酸疾,son33 ngion33 tshit5,,
化,生,sang24 nung11,,
疤,疤,lan53 pa33,,
Y痂,Y瘌，Y疤,kiet2 lat2, kiet2 pa33,,
拉肚子,z落屎，z巴,o33 lau55 shi31, o33 sia53 pa33,,
,暗，,am53 shiong33, nui53 shiong33,,
上火,猓火大,ngiet5 khi53, fo31 thai53,,
身w所e的,心火,sim24 fo31,,
便秘,秘Y,pi55 kiet2,,
被x咬而l[,起膀,khi31 phong11,,膀字借字音
皮w上的水泡,水漂,shui31 phiau53,,
起u皮疙瘩,起u咂,khi31 ke24 ma44 phi11,,
浮[,浮浮[[,pho44 pho11 chiung31 chiung31,,
下巴臼,落下h,lau53 ha55 ngam33,,
臼,lut khu,lut2 khu31,,
音沙,sau,sau33 shiang33,,
I吐,phon,phon33,,
吐血,phon血,phon24 hiet2,,
麻,麻面,ma44 mien53,,
部有痕,破相,pho55 siong53,,
雀斑,跸屎,vu33 jin11 shi31,,
粉剌,L薯,chiong31 shu11,,
出麻疹,出麻,chhut2 ma11,,
斜眼,打B目，斜目,ta31 tiau24 muk2, chiak2 muk2,,
“,」,a31 kieu31,,
敷,N,tiap2 jiok5,,
刮痧,kau背囊,kau11 poi53 nong11,,
把疾病魅窘o人,chhie人,chhie53 ngin11,,
衣服,衫,sam33 khu53,,
外衣,外衫,nuai53 sam33,,
纫,壬溃嫩衣,nui53 sam33, nun53 ji24,,
外套,\,ou31,,
毛衣,膨衫,phong55 sien53 sam3,,
q衣,q衫,jiong11 sam33,,
袖子,衫袖,sam33 tshiu53,,
衣服下[,衫_,sam24 kiok2,,
口袋,衫袋,sam33 thoi53,,
~扣,~,neu31,,
i眼,~空,neu31 khung33,,
腰,^,khu53 theu11,,
裙,身裙,vi11 shin24 khiun11,,
胸罩,shi mit tsii,shi44 mit5 tsii31,,
帽,帽椎,mo53 tsui33,,
A,毛A,mo33 kiap2,,
雨衣,水衣、雨衫,shui31 ji24, ji31 sam33,,
雨鞋,水鞋,shui31 he11,,
高跟鞋,高tsang鞋,ko33 tsang24 he11,,
木屐,屐,khiak5,,
手C,手ak,shui31 ak2,,
,phat,phat5 lien53,,
耳h,耳^,ngi31 kieu33,,
乾,,phon53,,
稀,糜,moi11,,
炕,粒，R,phon55 liap2, phon55 sam31,,
巴,瘌,phon55 lat2,,
剩,冷,len33 phon53,,
食物上汁,疲kiau,lo33 kiau31,贫褂(在食物上采厢u油),
焦的,Y瘌,shieu24 kiet2 lat2,,
焦味,臭火,chhiu55 fo31 shieu31,,
半生不熟,半生熟,pan53 sang33 shuk5,,
糕,{,pan31,,
年糕,甜{,thiam11 pan31,,
l糕,l{,fat2 pan31,,
}N糕,菜^{,tshoi53 theu11 pan31,,
Il,I,mien53,,
豆腐,豆腐,theu55 fu53,,
豆腐渣,豆腐^,theu55 fu53 theu11,,
瘦肉,n肉,tsiang24 ngiuk2,,n字借字音
五花肉,三尤,sam24 tshen11 ngiuk2,,
^舌^,i舌,chu33 shiet5 ma11,,
香c,c,jien24 chhiong11,,
i小c,粉c,fun31 chhiong11,,
~丸,~A,ng44 jien11,,
i血,it,chu24 fung11,,
u胃,ukhin,ke33 khin33,,
胃,khin,ap2 khin33,,
家禽的扰K,下水,ha55 shui31,,
蛋,卵,lon31,,
聚餐,打teu shi,ta31 teu55 shi53,,
摺被子,褶被,chiap2 phi33,,
穿衣服,著衫,chiok2 sam33 khu53,,
穿鞋,著鞋,chiok2 he11,,
穿m子,著m,chiok2 mat2,,
漱口,洗喙,se31 choi53,,
擦嘴,拭喙,tshut5 choi53,,
吃,食,shit5 phon53,,
盛,添，,thiam33 phon53, chong33 phon53,,
木耳,木米,muk2 mi31,,
配料、佐料,配^,phui53 theu11,,
},},jiam11,,
u油,豆油,theu53 jiu11,,
酒,kiuk酒,kiuk5 tsiu31,,
醋,醋,tshu53,,
t糖,赤砂糖,chhiak2 sa24 thong11,,
冰棒,枝冰,ki24 pen33,,
酒精舛雀叩木,酒,ngiam11 tsiu31,,
C,毛,thien53 mo33,,
洗衣,洗衫,se31 sam33,,
⒁路浸泡在水中,浸衫，漂衫,tsim53 sam33, phiau53 sam33,,
晒衣服,晒衫,sai53 sam33 khu53,,
C衣服,熨衫,vut2 sam33 khu53,,
乘,吹,chhoi24 liong11,,
放暑假,燎,liau53 liong11,,
漫步,彳亍,chhit2 chhiok2,打彳亍,
回娘家,D妹家,chion31 moi53 ka33,,
呼吸,theu,theu31 khi53,,
休息,歇,hiet2 khun53,,
@,theu大,theu31 thai55 khi53,,
睡X,睡目,shoi55 muk2,,
菜P合口味，很下,爽口，扯,song31 khieu31, chhia31 phon53,,扯字借字音
吃早,食朝,shit5 chieu33,,
吃午,食(),shit5 (tong11) chiu53,,
吃晚,食夜,shit5 jia53,,
吃素,食S,shit5 tsai33,,
吃肉食品,食,shit5 fun33,,
喝茶,食茶,shit5 tsha11,,
抽,食，pop,shit5 jien33,pop5 jien33,,
灰,屎,jien24 shi31,,
肚子空空,空心肚,khun33 sim24 tu31,,
吃c心,食c心,shit5 tiam31 sim33,,
刮E子,khauP,khau11 si33,,
刮,修面,siu33 mien53,,
住宿,歇(夜)，^夜,hiet2(jia53), ko55 jia53,,
大便,屙屎,o24 shi31,,
小便,屙尿,o24 ngiau53,,
尿床,lai11尿,lai11 ngiau53,,
放屁,打臭屁，打屁卵,ta31 chhiu55 phi53, ta31 phi55 lon31,,
打嚏,打哈啾,ta31 hak5 chhiu53,,
器,叫,kieu53,,
流眼I,流目汁,liu11 muk2 chip2,,
小孩吵[┤,F人,khiau44 ngin11,,F字借字音
拐小孩,拐人,kuai31 se53 ngin11,,
小心,,se55 ngi53,,
留神、留心,@心,kiang33 sim33,,
忘,毋得,m11 ki55 tet2,,
h笆,h笆，,li11 pa33, tshiong44 vui11,,
佯b,p,tsa53,p毋知,
打嗝,打噎,ta31 et5,,
打赤膊,打赤膊,ta31 chiak2 pok2,,
熬夜,熬夜,ngok5 jia53,,
n,┏,fan44 seu11,,
打瞌睡,啄目睡,tuk2 muk2 shoi53,,啄亦作「督」、「」
眨眼,眨目,ngiap2 muk2,,
]著眼睛,目珠咪咪,muk2 chu33 mi33 mi33,,
PiT,VT,son24 mun11,,
睡午X,睡X,shoi53 tong33 chiu53,,
睡不知醒,死睡,si31 shoi53,,
睡r警X性高,醒睡,tshiang31 shoi53,,
作,l,put2 mung53,,
性交,,tiau31,,
崴,暖水,non24 shui31,,
修改鞋子,整鞋,chiang31 he11,,
修房子,整屋,chiang31 vuk2,,
去除身上的污垢,luM,lu24 man31,,M字借字音
面熟,熟面,shuk5 mien53,,
f聊、串T子,坐燎,tsho33 liau53,,
商量,商量，⒃,shiong24 liong11, tsham24 shiong11,,
客人,人客,ngin11 khak2,,
做客,做人客,tso53 ngin11 khak2,,
xx,r,lo11 lat5,,谀闩心r血之x
慢走，送客r的客庠,慢行,man53 hang11,,
走LH友r送的Y物,等路,ten31 lu53,,
不好意思,歹荩失Y,phai33 shie53, shit2 li33,,
不用客,毋使,m11 sii31 se55 ngi53,,
G、失Y,笑,kien55 siau53,,
不要o、]PS,右o,mo11 jieu55 kin31,,
倒茶,s茶,tin44 tsha11,,
l帖子,送帖,sung55 thiap2,,
整治酒席,k桌,phan55 tsok2,,
赴宴、喝酒,食酒,shit5 tsiu31,,
上菜,出菜,chhut2 tshoi53,,
划拳,唱拳,hot2 khien11,,
看不T,看毋T，看禹眼,khon53 m11 kuan53, khon55 mo11 shiun55 ngien31,,
惹事,惹事,ngia33 sii53,,
喜gq,好拗,hau55 au53,,
嘴,喙,en55 choi53,,
翻,面,pien55 mien53,,
得罪人,跌失人，跌罪人,tiet2 shit2 ngin11, tiet2 tshui53 ngin11,,
吵架,冤家,jien33 ka33,,
打架,相打,siong24 ta31,,
吝,艹,ngat2 tshat2,,
肯不肯,肯毋肯,hen31 m11 hen31,,
一,共樱共款,khiung55 jiong53, khiung55 khuan31,,
一起,共下,khiun55 ha53,,
B度、模,酉,jiong55 siong53,,
看不起,看毋起,khon55 m11 khi31,,
快,g喜,fan24 hi31,,
喜g、中意,kak意，中意,kak2 ji53, chiung55 ji53,,
D眉弄眼、l髑锊,打眼kuai，打眼箭,ta31 ngien31 kuai31, ta31 ngien31 tsien53,,
_玩笑,v笑,kong31 siau53,,
不相配,酉Γ拥,mo11 siong33 tui53, mo11 ten33 tui53,,
答、回,,en55 fa53,,
Σ黄,ξ闫,tui53 m11 khi31,,
qX,年X,tsak2 ngien11 chhien11,,
娶老婆,o娘,tho31 pu24 ngiong11,,
媒人,媒人婆,moi44 ngin44 pho11,,
洞房,新娘g,sin24 ngiong11 kien33,,
言,大肚笥，有身,thai55 tu31 shi31, jiu33 shin33,,
害喜,病子,phiang55 tsii31,,
流a,落胎，p身,lau53 thoi33, sun31 shin33,,
取名,安名,on24 miang11,,
做月子,做月,tso55 ngiet5,,
坐月子的D人,月婆,ngiet5 pho11,,
小孩周q,q,tui55 se53,,
c生,做生日,tso53 sang24 ngit2,,
w新居,搬新屋,pan33 sin24 vuk2,,
放鞭炮,打炮,ta31 chi31 phau53,,
去世,^身，死碧,ki53 shin33, si31 phet2,,碧字借字音
夭折,夭,jieu33 shiu53,,亦榱R人
棺材,棺樵,kuan24 tshiau11,,
出,出山,chhut2 san33,,
？达L水的人,地理仙,thi53 li33 sien24,,
吣,旒,kua55 chi31,,
刎i,割W,kot2 koi24,,
放W回家,放D,piong44 chion31,,
本子,簿,phu24,,
橡皮擦,拭布,tshut5 pu53,,
_,墨P,met5 phan11,,
最後一名,Mpi名，尾名,chhin53 pi24 miang11, mui24 miang11,,
演,做,tso55 hi53,,
舞_,舞_，蚺_,vu31 thoi11, hi53 thoi11,,
散,煞,sot5 chiong11,,
f故事,v古,kong31 ku31,,
下棋,行棋,hang44 khi11,,
捉迷藏,闳,khon53 ngin44 chhim11,,
打桌球,打乒乓,ta31 phin24 phong53,,
舞{,打弄{,ta31 nong53 sii24,,
L~,_,chi31 jiau53,,
跳K,跳索,thiau11 sok2,,
翻跟斗,N跟斗,chiung55 khin44 teu31,,
律,律,lit5 si33,,
坐牢,坐lut,tsho44 lut5 chhu11,,蛔纸枳忠
老天,天公（伯）,thien33 kung33 pak2,,
灶王,灶空,tso53 khung24 jia11,,
香案,神桌,shin11 tsok2,,
香,香,shieu33 hiong33,,
祭祀,敬神，敬拜,king53 shin11, king55 pai53,,
X,金,kim24 chi31,,
窳汲,看日,khon55 ngit2,,
占卜,跌},tiet2 shing55 kau53,,
杯一一,},shing55 kau53,,玄作「l」
杯善皆俯,,jim33 kau53,,
杯善皆仰,笑,siau55 kau53,,
符,符,phu11,,
_撞了鬼神,_到,chhung24 to31,,
尼姑,尼姑,ni11 ku33,,
祈福,求福,khiu11 fuk2,,
站立,企,khi33,,亦「足企」
抬_站,蹬,ten11,蹬_尾,
游锏娘w奔,j,piau33,,亦作Q
避,W,shiam31,W_,
藏,,khong53,,
偷瞄,A,lai31,,
告V,W,hok5,W分我,
叫,喊,hem33,,
,,en53,,
生,l,khien31,,
,,nau33,冢ㄓ冢、得人,
疼,惜,siak2,得人惜（很可郏,
用手取物，拾物,拈,ngiam33,,
手提,擐，拿,khuan53, na33,,
按,,et2,,
抓到後用手按住,,khim53,,
[m情,掩,em33,,
用手指D何矬w,ngien,ngien31,,
抓物,khak,khak5,,
捉,捉,tsok2,,
捏,捏,net2,捏人，捏花,
墒窒嗄,,no33,,
拔,pang,pang33,,
搭著、扶著,man，扶，扳,man33, fu11, pan33,,
推,sung,sung31,,
vy,Γtsha siau,luk2, tsha53 siau11,θ,
抱,o,nam31,o人,
G,tep,tep5,,
扇撕咸,扛,kong33,,
抖臃坌既魑,sam,sam53,,
撒,,jie53,,
洒,fu,fu53,洒水,
,淋,lim11,淋花,
z土,掘泥,kut5 ne11,,
吹,,phun11,,
嚼,tshiau,tshiau53,,作「口焦」
吸吮,su,su53,,
o,分,pun24,,
C,,luk5,,
b病,假病,ka31 phiang53,,
蹲,,ku33,,
@樱|西）,@,lia31 jiong53,,
那樱|西）,,kai53 jiong53,,
毋子z,勺影,liong31 tsii31 oi33,,
叔侄z,z子叔,liong31 tsi31 shiuk2,,
舅甥z,z子舅,liong31 tsi31 khiu24,,
稀（粥等）,r,sien33,,
稠（粥等）,Y,khiet5,,
B皮,牛,ngiu11,,
能,,voi53,,
有趣的,生趣，心色,sen33 chhi53, sim33 set2,,
累,khioi,khioi31,,
只、光,kan na,kan55 na53,kan na食,
有c,小可，略略,siau31 kho31, liok2 liok2 (liok5 liok5),,
R上，立,Sr，v等，r,sui55 shi11, then11 ten31, liam55 shi11,,
才,^下，^先,theu11 ha53, theu11 sen24,,
s快,x兜,sat2 teu24,,
幸,好在，好得，在,ho31 tsai53, ho31 tet2, koi33 tsai53,,
故意,挑知,thiau33 ti33,,
再一下子,加一下添,ka24 jit2 ha53 thiam33,,
多坐一,坐加下添，坐加下,tsho33 ka24 ha53 thiam33, tsho33 ka24 ha53,,
每次,逐[,tak2 pai53,,
何r,那r,ne53 shi11,,
偶而,[,ki31 pai31,,
常常,常在，捷捷，常下,chhiong11 tshai53, tsiap5 tsiap5, chhiong11 ha53,,
多久,拙,kit2 kiu31,,
S便,清采，EB,chhin31 tshai31, lam31 sam31,,
(人的挝),,kai53,一人,
匹(挝),b,chiak2,一bR,
封(信的挝),,chiong33,一信,
服（的挝唬,帖,thiap2,一帖,
道（菜的挝唬,路,lu55,一路菜,
l（~的挝唬,尾,mui24,一尾~,
l（牛的挝唬,b（牛的挝唬,chiak2,一b牛,
K（舻挝唬,蕊，葩,lui24, pha24,一蕊火，一葩火,
K（u的挝唬,teu,teu33,一teu33u,
K（石^的挝唬,粒（石^的挝唬,liap5,一粒石^,
K（X的挝唬,，箍,kai33, khieu24,一y，一khieu,X是A形的故Q箍
K（瓦的挝唬,te,te53,一te瓦,
K（田的挝唬,w,khiu24,一w田,
彗星,甙研,so53 pa31 sen33,,
旋L,扭酒L,ngiu31 tsiu31 fung33,,
毒死,透死,theu53 si31,,
池塘,~塘,ng33 thong11,,
山洞,山窿,san24 lung11,,
打水,打水,ta31 shui31,,
引水,透水,theu55 shui31,,
鹿_,天,thien33 chhia33,,
石^,石^,shiak5 theu11,,
旋u,扭酒窟,ngiu31 tsiu31 khut2,,
瀑布,水寨,shiu31 tsai53,,
七夕,七月七,chhit2 ngiet5 chhit2,,
牛\嘴,牛嘴@,ngiu11 chioi53 lam24,,
牛鼻上h,牛鼻,ngiu11 phi53 khien53,,
竹甙,怯把,khia55 pa31,,
A@,沙撩,sa33 liau33,,
垃圾,地圾，}p,thi53 siep2, o33 tso33,,
高梁,高梁，粟,ko24 liong11, siuk2,,
R薯,R薯，油薯,ma24 lin31 shu11, jiu11 shu11,,
香菜,元荽，元旺,jien11 sui24, jien11 vong53,,
皎白S,皎白S，水S,kha33 pe55 sun53, shui31 sun31,,
芥菜,大菜，L年菜,thai55 tshoi53, chhiong55 ngien11 tshoi53,,
颗；,碗公花，打碗花,van31 kung33 fa33, ta31 lan53 van31 fa33,,
芒草,菅草，菅荀，娘花,kon24 tsho31, kon24 sun31, ngiong11 fa33,,
芒果,,son24,,
百合花,力,lit5 lo11 liang33,,
草莓,tsi菠,tsi53 pho33,,
天牛,山牛精,san24 ngiu11 tsin33,,
u（半大不小的）,utho,kie24 tho11,,
蛞蝓,蛞蜞,jie55 khi33ma11,,
蜥蜴,山狗大,san24 kieu31 thai53,,亦作「山狗太」
螳螂,草R,tsho31 ma33,,
蟑螂,SE,vong11 tshat5,,
蚌,螺pe，khong khau,lo11 pe24, khong11 khau53,,
螽斯,禾蜢,vo11 mak2,,
毛毛x,nat毛x,nat2 mo24 chhiung11,,
家鼠,X鼠，唧哩鼠,tshien11 chhiu31, tsit5 lit5 shhiu31,,
枪~,枪~,ng11 kok2 ng11,,
家e,屋下,vuk2 ha33,,
走廊,唇下,jiam55 shiun11 ha33,,
地板,地泥下,thi53 ne11 ha33,,
地上,地泥,thi53 ne31 ten31,,
房g,g方，g房,kien33 hong33, kien24 fong11,,
牛舍,牛,ngiu55 lan11,,
T,扶,fu11 khiam33,,
,窗涵，窗,jien33 tshung24 ham11, jien33 tshung24 kong11,,
崴瓶,兀罐,shieu24 fu11, shieu33 kuan53,,
水兀ㄑb_水或煮_水的）,水炙,shui31 chiak2,,
打火C,lai ta,lai55 ta31,,由日文
P,撩,vok5 liau33,,
匙,匙,thong24 shi11,,
筷子,筷,khuai53,,
扇子,扇,shien53,,
小老婆,姨，妾,se53 ji11, se55 tsia31,,
外省人,阿山，L山,a33 san24, chhiong11 san24,,
中L,piakX筋,piak5 no31 kin33,,
背,瘟,un33 ku33,,
瞎眼,青盲,tshiang33 miang33,,
W,W,jiong33,,
背心,A,kap2,,
兜兜,a,lan33 a33,,
尿布,尿帖,ngiau53 thiap2,,
W,a,a33,,
I筋,I蔗,mien55 chia53,,
蛋白,卵白,lon31 phak5,,
味精,u丹,kie33 tan33,,
酒糟,酒,tsiu31 ngiong11,,
把|西磨成粉,碾粉,ngien24 fun31,,
花生粉,地豆fu,thi55 theu55 fu31,,fu作「米夫」
豆豉,豉,jim55 shi53,,
啤酒,酒,mak5 tsiu31,,
婚,^,ko55 thin53,,
p胞胎,p胞卵，p胞,sung33 pa24 lon31, sung33 pa24,,
`牌,家神牌,ka24 shin33 phai11,,
肚子I,肚笥,tu31 shi31 iau33,,
欠,d,chhia33 sii53,,
打珠,搞tha ma,kau31 tha55 ma31,,tha ma槿瘴
跳房子,ong垤,po11 ong24 te53,,
陀螺,O,khit5 lok5,,
骰子,heu tsii,htu11 tsii31,,
低^,^那黎黎,theu55 na55 le55 le11,,
厥嘴,嘴嘟嘟,chioi55 to55 to53,,
拍手,拍手,phok2 shu31,,
遇到,堵著,tu11 to31,,
巴Y,浮大hak卵,pho11 thai55 hak5 lon31,,
看得起,看人有,khon53 ngin11 jiu33,,
找到,ぶ,chhim11 to31,,
取暖,焙,phoi53 shieu33,,
用水煮熟,,sap5,,
煮茶,M茶,phu55 tsha11,,
煮,炊,chhoi33 phon53,,
B家畜,畜^生,hiuk2 theu11 sang24,,
j家畜,j^生,vui53 theu11 sang24,,
烤,焙，烘,phoi53, hang55,,
草目枝燃料,M草Y,jiang24 tsho31 kiet2,,
G掉,摒碧,piang24 phet2,,
水,]\.,mut5 tsi55 mi53,,
右,正手,chin55 shu31 phien31,,
外面,外背,ngo55 poi53,,
前面,^前,theu55 chhien11,,
後面,後背,heu55 poi53,,
附近,就近,tsiu53 khiun33,,
有X,好~,ho31 ngiak2,,
吹,\嘀ta,phun11 ti24 ta11,,
尾坏,毋盼得,m11 phan55 tet2,,
旁,唇口,shiun11 heu31,,
用_跨^,khiam,khiam53,,
勾碰到,街,kang31 to31,,
血y,N草,chiung31 tsho31,,
N,走N,tseu31 chiung31,,
,省,sang31 khiang53,,
差诺,穆,fai55 lo53,,
切割,剖,phe24,,
i肉m,i砧,chiu33 tiam33,,
g喜,,thiong53,,
一定,一定，定著,jit2 thin53, thin55 chiok5(chhin53 chiok5),,
,罅,la53,,
忍不住,跷泺B,tong53 m11 tiau24,,
、M,T,tho11,,
一下子,一下那,jit2 ha53 na53,,
中用,,tong53 liong11,,
傻，笨,憨痴,ham33 chhie24,,
F,],khuai11,,
破破,擐擐,lan55 lan55 khuan55 khuan53,,
瘦巴巴,瘦AA,tsheu53 kiap5 kiap5,,
怨,主固,chiu31 ku53,,
高雅精@,素尸,su53 si33,,亦「素z」
耕山（N水果，造林等）,打林,ta31 na11,,
努力,煞猛,sat2 mang33,,
_,擐,khuan53,,
口渴,嘴燥,chioi53 tsau33,,
一cc,一屑屑,jit2 sut5 sut5,,
不,毋Q,m11 tan31 tshiang53,,
工作、事情,shie,shie53,,作「世」
美,n,tsiang33,,
,,khuat2,,
兔,then手,then55 shiu31,,then作「手」
放牛,掌牛,chiong31 ngiu11,,
L期的工人,L年,chhiong55 ngien11,,
uY,gY,thiau53 kuk2,,
小、碎碎,幼幼,jiu55 jiu53,,
每人,逐,tak2 sa53,,
引T，叫,leu53,leu53,,
笨,,ngong53,,
自己,自家,chhi33 ka33,,
如何是好,痈鹕,ngiong55 kat2 sat2,,
想硐肴,疑蚁,men31 shiong24 men31 ha33,,
知道了,缘,hiau31 tet2,,
竹盛b|西的j,茶j,tsha11 lo11,,
食物S盛,澎湃,phon33 phai53,,
那r候,M,kai53 man24,,
不然,泳,mo11 tsii33,,
^,^那@,theu11 na11 hin11,,
苦苓,苦,shu31 lien53 shiu53,,
低下,斗,ngion33 shiang33 ngion24 teu31,,
理睬,睬,tshap2,,
甘心,甘,kam31 ngien53,,
害,c,khiang53,,
不曾,毋R,m11 shit2,,
y侍候,N曲,khiau33 khi33,,
目,歪看,vai33 khon53,,
L大,大h,thai55 hon53,,
手足o措,毋得葛煞,m11 tet2 kat2 sat,,葛煞原指G蔓藤。原指解不_G蔓藤
精液,k,siau11,,
夥房屋的左右房,M屋,vang11 vuk2,,
春耕前引水入田，⒛嗤链蛏⒌霓r具,碌碡,luk5 chhiuk5,,
可z,倪^,tshoi33 ko53,,亦作「才^」
老人家,老,lo31 fo53,,俚俗的用法
,歪,vai33,,
固,绦,chip2 sin53,,
UM,M擎擎,vang33 khia33 khia11,,
卸,惺,nan33 shi33,,
好端端,好恬恬,ho31 tiam33 tiam33,,
可惜,硬,mo11 tshai31,,
敲打,mak,mak5,,
引燃、U大,r,chhie53,火oro大,
自硭,水水,shui31 tho55 shui31,,
乾Q,Q,tshiang55 li53,,
趴下,伏落,phuk2 lok5,,伏亦作覆
o足游锏呐佬,逡,so11,,
冬至,冬,tung24 chiet2,,
吃,豺,sai11,,
爬、攀,跋,pak2,,
敲、,抨,phong33,,
iZ,,liang53,,
猜，揣摩,,thon11,,亦作揣
用圈套硖,S,liu53,,
,,tsak2,,
可惜，浪M,打爽,ta31 song31,,
提,,chhia24,潘,
已,崩,pen33 kong33 kham53,,
死的（R人）,痼mo,ko33 mo24,,
整、搞,},met2,,
ｉT收容o主孤魂的祠,百姓公,pak2 siang53 kung33,,
w去,徙去,sai31 hi53,,
博,U,tu31 kiau31,,
老f不堪,稳啡,lok5 lok5 khok5 khok5,,
p手捧,勒,let5,,
以,`著,lau31 to31,,
s，Y果,煞,sa53,,
P凰木,蕃婆,fan24 pho11 shiu53,,
P凰木的果,P刀豆,kuan33 to33 theu53,,
砍,剁,tok5,剁,
b,偏名,phian24 miang11,,
引T,邪,sia11,邪人,
孝,有孝,jiu33 hau53,,
M,V,nem33,,
女W人,使婢,sii31 pi24,,
邀,招,chieu33,,
推下,sung落,sung31 lok5,,
三合院或四合院的房子,夥房屋,fo31 fong11 vuk2,,
大,常山,chhiong11 san33,常山人，常山,亦作「L山」。大淼|西都冠上常山。
身w健,健,tsap2 tsen31,,
搬\木材用的人力器具,木R,muk2 ma24,,
客家人奉祀的巾山、明山、山三位山神,三山王,sam33 san24 kuat2 vong11,,
桌子的M木,梗,kuang33,,
]法子,臃ǘ,mo11 fat2 thu53,,
折,拗,au31,,
假b,p意,tsa53 ji53,,
抓,L,jia31,,
窄,M,hap2,,
嵬浮⒍蛇^,a,jim33,,
在,tho, tsho,tho33,tsho33,tho_北（他在_北）,|萏厥庥梅
出草,出番,chhut2 fan24,,
乩童,童乩,thung11 ki33,,
,痴痴,tien33 tien33 chhi33 chhi33,,
胡言yZ,}k}濞,met2 shiau11 met2 phi53,,
王的神I,I,lien53 khiau53,,
守隘口的讯,隘勇,ai55 jiung31,,
向深挖掘,,leu31,,
V呆,呱,ngong53 shin11,,
一些,一兜,jit2 teu24,,
熬,,vun11,,
小的剌,,net2,,
s,s,tshap5 tshe53,,那叭颂糁子叫u的郎
活到,食到,shit5 to31,食到八十外q,
而已,～,nen24,三（三而已）,字借字音
不要,moi,moi24,,「邸沟暮弦暨Bx
吵架吵的家中不得安,冤家,jien33 ka24 lo33 tsai53,,
L,世大人,shi53 thai53 ngin11,,
下次,下次[,ha55 chhit5 pai53,,
一N米做的小c心,米Y目,mi31 tshi24 muk2,,
靠^恚聚在一起,偎,va31 loi11,,
打，交配,拂,fut5,,本x榇颍有r做交配的意思
莫,莫,mok5,,常用碜觥覆灰」的意思用
av,垃圾,la31 sap2,,
用邪g或符咒害人,放人,piong53 ngin11,,
符咒,符l,phu11 kau53,,
|@西@,,fui33,,
跌倒（^乐氐模,M到,vang53 to31,,
配,傍,pong31,傍茶食,指配合什N|西一起吃
П,D,nam31,,
掉,d碧,mien11 phet2,,碧字借字音
安o的,恬恬,tiam33 tiam33,,
M去,入去,ngip5 hi33,,
砣,li,li33, li24,我出li咧,椤砣ァ沟暮弦暨Bx
晚（rg上的早晚）,暗，,am53, chiu53,恁暗咧，恁咧,早上的太晚用「」，晚上用「暗」
也,也，乜,jia31, me33 (ma33),,
糯米做的食品，沾糖粉及花生粉吃,R粑,chhi11 pa24,,R亦作「米R」
拜拜用的品,x,sen24 ngin11,,
差不多,差毋多,tsh24 m11 to33,,
菖蒲,蒲K,phu11 su33,,
曾,R,shit2,我R食^@,
好像是,像S,tung33 tshiong55 he53,,
受,著,chhiok5 shiong33,,
小孩,度人,thu53 se53 ngin11,,
翻面,O面,pien31 mien53,,
Bm不嗝,,kun31,啾啾,
明`巧,巧,khiau31,,
吃,食，,shit5, fut4,,橘邓渍f法
喝,,lim33,,
趾高P，不可一世,L神喋喋,fung33 shin11 te33 te24,,
去你的，帜隳,厥姆分崖刻,kia33 me33 pun24 ngai11 khat2,,崖字借字音
e存，e蓄,藏,tiong11,,
仍然是,本本,pun31 pun31,又本本供到Y,
未成年男性生殖器,K,tsoi33,,
猛力的n撞,J,tsong11,,
撞到，到,D,tun53,,
色lS、l青,面霜霜,mien53 song33 song33,,
色DS,S霜打},vong11 sang24 ta31 mak2,,
大水缸，用磲Z菜的,Z缸,am33 kong24,,
周,框,khiong33,,
r丫旁|北季L初起r吹起的L。,九降L,kiu31 kong53 fung33,,
他,厥等，kien,kia33 nen35，kien24,,
我的,吾,nga11,,
